Name,City,Bedrooms,Price,Rent,Area,Furnishing
"3 BHK Apartment for Sale in DTC GOOD EARTH, Madhyamgram Kolkata",Kolkata,3,52.5 Lac,N/A,1020,Unfurnished
"2 BHK Apartment for Sale in Team Taurus Singhaduar, Rajarhat Kolkata",Kolkata,2,66.3 Lac,N/A,1197,Unfurnished
"3 BHK Apartment for Sale in Prudent Amara, Rajpur Sonarpur Kolkata",Kolkata,3,47.4 Lac,N/A,898,Unfurnished
"4 BHK Villa for Sale in Arizuma Southern Vista, Rajpur Sonarpur Kolkata",Kolkata,4,1.25 Cr,N/A,1631,Unfurnished
"3 BHK Apartment for Sale in Rishinox Ventoso Phase 2, Madhyamgram Kolkata",Kolkata,3,65.5 Lac,N/A,785,Unfurnished
"4 BHK Apartment for Sale in Vinayak Vista, Lake Town Kolkata",Kolkata,4,1.85 Cr,N/A,1838,Unfurnished
"4 BHK Apartment for Sale in DTC Still Waters, New Town Kolkata",Kolkata,4,1.48 Cr,N/A,2030,Unfurnished
"4 BHK Apartment for Sale in Belani NPR Sanctuary, Tollygunge Kolkata",Kolkata,4,5.25 Cr,N/A,3256,Unfurnished
"3 BHK Apartment for Sale in Sugam Morya Phase 2, Tollygunge Kolkata",Kolkata,3,1.70 Cr,N/A,949,Unfurnished
"2 BHK Apartment for Sale in Shapoorji Pallonji Joyville Howrah Tower A1 Pinnacle, Howrah Kolkata",Kolkata,2,34.3 Lac,N/A,645,Unfurnished
"4 BHK Apartment for Sale in Ambuja Utpalaa The Condoville, Anandapur Kolkata",Kolkata,4,3.90 Cr,N/A,4000,Unfurnished
"3 BHK Apartment for Sale in Srijan Town Square, New Town Kolkata",Kolkata,3,2.75 Cr,N/A,2017,Unfurnished
"3 BHK Apartment for Sale in Merlin Rise Sports Republic Phase 1 A, Rajarhat Kolkata",Kolkata,3,1.15 Cr,N/A,1188,Unfurnished
"4 BHK Apartment for Sale in Ramsnehi Unimark Tower, Manicktala Machuabazar Kolkata",Kolkata,4,5.08 Cr,N/A,3654,Unfurnished
"3 BHK Apartment for Sale in Eden Roopkatha, Baruipur Kolkata",Kolkata,3,40.5 Lac,N/A,715,Unfurnished
"4 BHK Apartment for Sale in PS VYOM, New Alipore Kolkata",Kolkata,4,4.32 Cr,N/A,1774,Unfurnished
"5 BHK Apartment for Sale in PS Sansara, Howrah Kolkata",Kolkata,5,6.35 Cr,N/A,4885,Unfurnished
"3 BHK Apartment for Sale in Merlin Skygaze, Eastern Metropolitan Bypass Kolkata",Kolkata,3,74.5 Lac,N/A,835,Unfurnished
"4 BHK Apartment for Sale in Sugam Morya Phase 2, Tollygunge Kolkata",Kolkata,4,2.95 Cr,N/A,1688,Unfurnished
"3 BHK Apartment for Sale in Alcove Flora Fountain, Topsia Kolkata",Kolkata,3,1.56 Cr,N/A,1181,Unfurnished
"3 BHK Apartment for Sale in Siddha Serena, Rajarhat Kolkata",Kolkata,3,1 Cr,N/A,1030,Unfurnished
"5 BHK Penthouse for Sale in A N Atreyaa, Lake Town Kolkata",Kolkata,5,3.81 Cr,N/A,3779,Unfurnished
"2 BHK Apartment for Sale in Fortune Heights Barasat, Barasat Kolkata",Kolkata,2,34.9 Lac,N/A,723,Unfurnished
"3 BHK Apartment for Sale in Danish Red Salute Cooperative Housing Society Ltd, Action Area 3 Kolkata",Kolkata,3,88.6 Lac,N/A,1650,Unfurnished
"2 BHK Apartment for Sale in Look Saket Evara, Baranagar Kolkata",Kolkata,2,69.7 Lac,N/A,888,Unfurnished
"3 BHK Apartment for Sale in Neelkanth Chitrakut Greenville, New Town Kolkata",Kolkata,3,1 Cr,N/A,1294,Unfurnished
"2 BHK Apartment for Sale in Magnolia Vishnupriya, Baruipur Kolkata",Kolkata,2,29.6 Lac,N/A,900,Unfurnished
"3 BHK Apartment for Sale in Parnasree Skyway, Parnasree Palli Kolkata",Kolkata,3,1.04 Cr,N/A,1055,Unfurnished
"3 BHK Apartment for Sale in Devaloke Sonar City, Sonarpur Station Road Kolkata",Kolkata,3,87.1 Lac,N/A,1020,Unfurnished
"2 BHK Apartment for Sale in Adross Radharani Housing Complex, Madhyamgram Kolkata",Kolkata,2,43.7 Lac,N/A,972,Unfurnished
"2 BHK Apartment for Sale in Look Saket Evara, Baranagar Kolkata",Kolkata,2,80.8 Lac,N/A,1036,Unfurnished
"3 BHK Apartment for Sale in Sattvik Gateway, New Town Kolkata",Kolkata,3,96 Lac,N/A,1106,Unfurnished
"3 BHK Apartment for Sale in HIVE URBAN UTOPIA, New Town Kolkata",Kolkata,3,62.3 Lac,N/A,1186,Unfurnished
"3 BHK Apartment for Sale in GM Meena Paradise, Kaikhali Kolkata",Kolkata,3,65 Lac,N/A,1181,Unfurnished
"2 BHK Apartment for Sale in Neelkanth Chitrakut Heights, New Town Kolkata",Kolkata,2,61 Lac,N/A,930,Unfurnished
"3 BHK Apartment for Sale in Shree Sai TASHVI HOMES, Rajarhat Kolkata",Kolkata,3,1.05 Cr,N/A,1684,Unfurnished
"3 BHK Apartment for Sale in Crown, Sector 5 Salt Lake City Kolkata",Kolkata,3,2 Cr,N/A,1597,Unfurnished
"3 BHK Builder Floor for Sale in Realtech Rajvansh, Rajarhat Kolkata",Kolkata,3,42.3 Lac,N/A,940,Unfurnished
"2 BHK Apartment for Sale in JMC Broadway, Sector 5 Salt Lake City Kolkata",Kolkata,2,97.5 Lac,N/A,776,Unfurnished
"4 BHK Apartment for Sale in Ruchi Active Acres Angelica, Tangra Kolkata",Kolkata,4,2.34 Cr,N/A,2657,Unfurnished
"4 BHK Apartment for Sale in GODREJ BLUE, New Alipore Kolkata",Kolkata,4,4 Cr,N/A,2400,Unfurnished
"3 BHK Apartment for Sale in Sugam Park, Narendrapur Rajpur Sonarpur Kolkata",Kolkata,3,60 Lac,N/A,890,Unfurnished
"3 BHK Apartment for Sale in Sureka Elita Garden Vista, New Town Kolkata",Kolkata,3,1.40 Cr,N/A,1955,Semi-Furnished
"4 BHK Apartment for Sale in Bengal Peerless Avidipta, Eastern Metropolitan Bypass Kolkata",Kolkata,4,2.15 Cr,N/A,1650,Semi-Furnished
"3 BHK Apartment for Sale in Loharuka Urban Vista, Rajarhat Kolkata",Kolkata,3,67 Lac,N/A,1223,Unfurnished
"2 BHK Apartment for Sale in Upohar The Condoville, Eastern Metropolitan Bypass Kolkata",Kolkata,2,95 Lac,N/A,918,Unfurnished
"2 BHK Apartment for Sale in Bengal Peerless Avidipta, Eastern Metropolitan Bypass Kolkata",Kolkata,2,1.20 Cr,N/A,700,Semi-Furnished
"4 BHK Apartment for Sale in Hiland Park, Eastern Metropolitan Bypass Kolkata",Kolkata,4,1.90 Cr,N/A,2400,Semi-Furnished
"3 BHK Apartment for Sale in South City, Prince Anwar Shah Road Kolkata",Kolkata,3,3.50 Cr,N/A,1954,Semi-Furnished
"3 BHK Apartment for Sale in Shree Miraya, Rajarhat Kolkata",Kolkata,3,94 Lac,N/A,849,Unfurnished
"3 BHK Apartment for Sale in SHP Vrisha Vahana Co Operative Hsl, Action Area 3 Kolkata",Kolkata,3,83.6 Lac,N/A,1475,Unfurnished
"3 BHK Apartment for Sale in Kappa Gamma, New Town Kolkata",Kolkata,3,92.6 Lac,N/A,1321,Unfurnished
"3 BHK Apartment for Sale in Supreme Residency, Rajarhat Kolkata",Kolkata,3,60 Lac,N/A,669,Unfurnished
"3 BHK Apartment for Sale in Merlin Avana, Tollygunge Kolkata",Kolkata,3,1.28 Cr,N/A,1372,Unfurnished
"4 BHK Apartment for Sale in Siddha Serena, Rajarhat Kolkata",Kolkata,4,2 Cr,N/A,1531,Unfurnished
"3 BHK Apartment for Sale in Loharuka Urban Vista, Rajarhat Kolkata",Kolkata,3,73 Lac,N/A,780,Unfurnished
"2 BHK Apartment for Sale in Utalika Luxury Phase 5, Eastern Metropolitan Bypass Kolkata",Kolkata,2,80 Lac,N/A,485,Unfurnished
"2 BHK Apartment for Sale in Rohra Imperial, New Town Kolkata",Kolkata,2,49.7 Lac,N/A,904,Unfurnished
"5 BHK Apartment for Sale in SRIPSK Palladina, Eastern Metropolitan Bypass Kolkata",Kolkata,5,9.17 Cr,N/A,7000,Semi-Furnished
"3 BHK Apartment for Sale in Siddha Serena, Rajarhat Kolkata",Kolkata,3,82.4 Lac,N/A,1373,Unfurnished
"2 BHK Apartment for Sale in Merlin Lakescape, Rajarhat Kolkata",Kolkata,2,65 Lac,N/A,592,Unfurnished
"4 BHK Apartment for Sale in SRIPSK Palladina, Eastern Metropolitan Bypass Kolkata",Kolkata,4,6 Cr,N/A,3350,Unfurnished
2 BHK Apartment for Sale in Rajarhat Kolkata,Kolkata,2,27.2 Lac,N/A,908,Unfurnished
"3 BHK Apartment for Sale in Diamond City South, Tollygunge Kolkata",Kolkata,3,1.12 Cr,N/A,1100,Unfurnished
"2 BHK Apartment for Sale in Rechi Anandi Enclave, Rajarhat Kolkata",Kolkata,2,52 Lac,N/A,700,Unfurnished
"3 BHK Apartment for Sale in SKDJ Signature 18, Kasba Kolkata",Kolkata,3,2.50 Cr,N/A,1400,Unfurnished
"4 BHK Penthouse for Sale in Bengal Peerless Avidipta Phase 2, Eastern Metropolitan Bypass Kolkata",Kolkata,4,5.01 Cr,N/A,1749,Semi-Furnished
"4 BHK Apartment for Sale in PS The Soul, Rajarhat Kolkata",Kolkata,4,1.50 Cr,N/A,1329,Semi-Furnished
"3 BHK Apartment for Sale in Ambuja Urvisha The Condoville, New Town Kolkata",Kolkata,3,2.15 Cr,N/A,1559,Unfurnished
"4 BHK Apartment for Sale in PS Sansara, Golabari Kolkata",Kolkata,4,3.65 Cr,N/A,2200,Unfurnished
4 BHK Apartment for Sale in Dinesh Nagar Mukundapur Kolkata,Kolkata,4,5.15 Cr,N/A,2200,Unfurnished
"3 BHK Apartment for Sale in Laguna, Science City Area Kolkata",Kolkata,3,1.68 Cr,N/A,1585,Semi-Furnished
2 BHK Apartment for Sale in Gopalpur Kolkata,Kolkata,2,43.8 Lac,N/A,717,Unfurnished
"3 BHK Apartment for Sale in PS Jade Grove, Entally Kolkata",Kolkata,3,1.15 Cr,N/A,850,Semi-Furnished
"4 BHK Apartment for Sale in Bengal Urbana Phase 2, Anandapur Kolkata",Kolkata,4,6.90 Cr,N/A,4473,Unfurnished
"2 BHK Apartment for Sale in DTC Rajarhat, Rajarhat Kolkata",Kolkata,2,50 Lac,N/A,682,Unfurnished
2 BHK Apartment for Sale in Tollygunge Kolkata,Kolkata,2,65 Lac,N/A,904,Unfurnished
"2 BHK Apartment for Sale in Siddha Serena, Rajarhat Kolkata",Kolkata,2,86 Lac,N/A,646,Unfurnished
"3 BHK Apartment for Sale in Siddha Serena, Rajarhat Kolkata",Kolkata,3,1.48 Cr,N/A,1107,Unfurnished
"4 BHK Apartment for Sale in EIA Vayu, Kaikhali Boinchberia Kolkata",Kolkata,4,1.37 Cr,N/A,1782,Unfurnished
"4 BHK Apartment for Sale in Ruchi Angelica Towers at Active Acres, Eastern Metropolitan Bypass Kolkata",Kolkata,4,2.30 Cr,N/A,2621,Unfurnished
"2 BHK Apartment for Sale in Chinar Park, Rajarhat Kolkata",Kolkata,2,62.6 Lac,N/A,920,Unfurnished
"3 BHK Apartment for Sale in Vinayak, Action Area 1 Kolkata",Kolkata,3,1.90 Cr,N/A,1200,Unfurnished
"5 BHK Apartment for Sale in Orbit Urban Park, Action Area 2 Kolkata",Kolkata,5,5.83 Cr,N/A,3200,Unfurnished
"3 BHK Apartment for Sale in Shapoorji Pallonji Joyville Howrah Tower A1 Pinnacle, Howrah Kolkata",Kolkata,3,60.4 Lac,N/A,832,Unfurnished
"3 BHK Apartment for Sale in Natural Quest, Survey Park Kolkata",Kolkata,3,1.80 Cr,N/A,1561,Unfurnished
"3 BHK Apartment for Sale in Anudip Grandeur, Kasba Kolkata",Kolkata,3,1.41 Cr,N/A,1175,Unfurnished
"3 BHK Apartment for Sale in THE HYACINTH, Sonarpur Kolkata",Kolkata,3,73.7 Lac,N/A,1542,Unfurnished
"3 BHK Apartment for Sale in ANANDI VISTA, Rajarhat Kolkata",Kolkata,3,66.1 Lac,N/A,1539,Unfurnished
"2 BHK Apartment for Sale in Godrej Elevate at Godrej Seven, Joka Kolkata",Kolkata,2,63 Lac,N/A,718,Unfurnished
"3 BHK Apartment for Sale in Bengal Urbana Phase 2, Anandapur Kolkata",Kolkata,3,4.30 Cr,N/A,2550,Unfurnished
"4 BHK Apartment for Sale in Srijan Town Square, New Town Kolkata",Kolkata,4,3.50 Cr,N/A,3029,Semi-Furnished
"2 BHK Apartment for Sale in Merlin Serenia, Bonhooghly Kolkata",Kolkata,2,75 Lac,N/A,600,Unfurnished
"4 BHK Apartment for Sale in Belani NPR Sanctuary, Tollygunge Kolkata",Kolkata,4,4.50 Cr,N/A,3300,Unfurnished
"3 BHK Apartment for Sale in PS Vaanya, New Town Kolkata",Kolkata,3,2.75 Cr,N/A,1851,Unfurnished
"2 BHK Apartment for Sale in Merlin Lakescape, New Town Kolkata",Kolkata,2,76 Lac,N/A,677,Unfurnished
"4 BHK Apartment for Sale in Bengal Urbana Phase 2, Anandapur Kolkata",Kolkata,4,7.50 Cr,N/A,2846,Unfurnished
2 BHK Apartment for Sale in Action Area 2 Kolkata,Kolkata,2,55 Lac,N/A,840,Unfurnished
"3 BHK Apartment for Sale in Srijan Town Square, New Town Kolkata",Kolkata,3,2.55 Cr,N/A,1865,Unfurnished
"4 BHK Apartment for Sale in Project Southern Avenue, Southern Avenue Kolkata",Kolkata,4,3.08 Cr,N/A,1800,Unfurnished
"4 BHK Apartment for Sale in Belani NPR Sanctuary, Tollygunge Kolkata",Kolkata,4,7.10 Cr,N/A,2706,Unfurnished
"2 BHK Apartment for Sale in Krishna Paradise, Kestopur Kolkata",Kolkata,2,57.3 Lac,N/A,1146,Unfurnished
"2 BHK Apartment for Sale in Adross Radharani Housing Complex, Basunagar Kolkata",Kolkata,2,37.8 Lac,N/A,596,Unfurnished
3 BHK Apartment for Sale in Behala Kolkata,Kolkata,3,78 Lac,N/A,1050,Semi-Furnished
1 BHK Apartment for Sale in Agarpara Kolkata,Kolkata,1,11.5 Lac,N/A,380,Semi-Furnished
"3 BHK Apartment for Sale in Eden City Maheshtala, Maheshtala Kolkata",Kolkata,3,55 Lac,N/A,1377,Semi-Furnished
3 BHK Apartment for Sale in Jadavpur Kolkata,Kolkata,3,95 Lac,N/A,1000,Semi-Furnished
"3 BHK Apartment for Sale in South City Villa, Basanta Lal Saha Road Kolkata",Kolkata,3,82 Lac,N/A,1200,Furnished
"2 BHK Apartment for Sale in Panchsheel Vatika, Birati Kolkata",Kolkata,2,50 Lac,N/A,840,Unfurnished
4 BHK Apartment for Sale in Bally Kolkata,Kolkata,4,60 Lac,N/A,1000,Unfurnished
"4 BHK Apartment for Sale in Greenfield City Classic Premium, Behala Kolkata",Kolkata,4,65 Lac,N/A,1358,Unfurnished
"2 BHK Apartment for Sale in Eden Tolly Lakeside, Kabardanga Kolkata",Kolkata,2,40 Lac,N/A,730,Semi-Furnished
"3 BHK Apartment for Sale in Sudhakarpur, Kolkata Kolkata",Kolkata,3,75 Lac,N/A,1240,Unfurnished
"5 BHK Apartment for Sale in Chinar Park, Rajarhat Kolkata",Kolkata,5,2.29 Cr,N/A,1658,Furnished
"3 BHK Apartment for Sale in Eden Elegante, Madurdaha, Hussainpur Kolkata",Kolkata,3,65 Lac,N/A,980,Semi-Furnished
2 BHK Apartment for Sale in Ichapur Howrah Kolkata,Kolkata,2,30 Lac,N/A,750,Unfurnished
2 BHK Apartment for Sale in Barrackpore Kolkata,Kolkata,2,50 Lac,N/A,834,Semi-Furnished
"2 BHK Apartment for Sale in Adonis Enclave, Panchpota Kolkata",Kolkata,2,27 Lac,N/A,570,Unfurnished
"1 BHK Apartment for Sale in Sumi Apartment, Nagerbazar Kolkata",Kolkata,1,12 Lac,N/A,330,Unfurnished
"3 BHK Apartment for Sale in Siddha Happyville, Rajarhat Kolkata",Kolkata,3,98 Lac,N/A,1263,Unfurnished
"2 BHK Apartment for Sale in Debi Enclave, Kaikhali Kolkata",Kolkata,2,29 Lac,N/A,795,Unfurnished
2 BHK Apartment for Sale in Tollygunge Kolkata,Kolkata,2,25 Lac,N/A,580,Semi-Furnished
"2 BHK Apartment for Sale in Utsa Complex, New Town Kolkata",Kolkata,2,49 Lac,N/A,670,Semi-Furnished
2 BHK Apartment for Sale in Jessore Road Kolkata,Kolkata,2,45 Lac,N/A,820,Semi-Furnished
1 BHK Apartment for Sale in Baghajatin Colony Kolkata,Kolkata,1,22 Lac,N/A,490,Semi-Furnished
3 BHK Apartment for Sale in Dhakuria Kolkata,Kolkata,3,70 Lac,N/A,1000,Unfurnished
"2 BHK Apartment for Sale in Mahamaya Apartment, Garia Kolkata",Kolkata,2,31.5 Lac,N/A,755,Furnished
"1 BHK Apartment for Sale in Akashdeep, Barrackpore Kolkata",Kolkata,1,28 Lac,N/A,633,Semi-Furnished
"2 BHK Apartment for Sale in Madhyam Gram, Madhyamgram Kolkata",Kolkata,2,25 Lac,N/A,858,Semi-Furnished
"3 BHK Apartment for Sale in Siddha Sky, Eastern Metropolitan Bypass Kolkata",Kolkata,3,2.10 Cr,N/A,1992,Unfurnished
2 BHK Apartment for Sale in Rahara Kolkata,Kolkata,2,20.8 Lac,N/A,715,Unfurnished
"4 BHK Apartment for Sale in Unimark Trump Tower, Science City Area Kolkata",Kolkata,4,7.10 Cr,N/A,2286,Unfurnished
2 BHK Apartment for Sale in Carry Road Kolkata,Kolkata,2,27 Lac,N/A,716,Semi-Furnished
2 BHK Apartment for Sale in Rampur Kolkata,Kolkata,2,40 Lac,N/A,1038,Semi-Furnished
"3 BHK Apartment for Sale in Saltee Splendora, Rajarhat Kolkata",Kolkata,3,95 Lac,N/A,1613,Semi-Furnished
"3 BHK Apartment for Sale in Bhawani Inara, Action Area 2 Kolkata",Kolkata,3,1.58 Cr,N/A,1550,Unfurnished
"2 BHK Apartment for Sale in Luv Kush Residency, Tollygunge Kolkata",Kolkata,2,75 Lac,N/A,820,Semi-Furnished
"3 BHK Apartment for Sale in The 64 Earth Point, Shanti Nagar Liluah Kolkata",Kolkata,3,66 Lac,N/A,1040,Semi-Furnished
2 BHK Apartment for Sale in Airport 2 Number Gate Kolkata,Kolkata,2,32.1 Lac,N/A,750,Unfurnished
"2 BHK Apartment for Sale in Jupiter Niharika, Gora Bazar, Dum Dum Kolkata",Kolkata,2,38 Lac,N/A,887,Furnished
"5 BHK Apartment for Sale in Greenwood Sonata, New Town Kolkata",Kolkata,5,3.40 Cr,N/A,2200,Furnished
"4 BHK Apartment for Sale in Bangur Avenue, Lake Town Kolkata",Kolkata,4,1.30 Cr,N/A,1300,Semi-Furnished
"2 BHK Apartment for Sale in Peerless Nagar, Sodepur Kolkata",Kolkata,2,29 Lac,N/A,660,Unfurnished
"4 BHK Apartment for Sale in Prudent Pragati , Narendrapur Rajpur Sonarpur Kolkata",Kolkata,4,1 Cr,N/A,1267,Unfurnished
2 BHK Apartment for Sale in Bansdroni Kolkata,Kolkata,2,30 Lac,N/A,725,Unfurnished
"3 BHK Apartment for Sale in Green View, Southern Avenue Kolkata",Kolkata,3,1.35 Cr,N/A,1030,Furnished
"2 BHK Builder Floor for Sale in Chaya Neer, Rajarhat Kolkata",Kolkata,2,24 Lac,N/A,552,Unfurnished
3 BHK Apartment for Sale in Baguiati Kolkata,Kolkata,3,40 Lac,N/A,850,Semi-Furnished
"3 BHK Apartment for Sale in Biswanath Abasan, Tegharia Baguiati Kolkata",Kolkata,3,61 Lac,N/A,1050,Semi-Furnished
2 BHK Apartment for Sale in Madhyamgram Kolkata,Kolkata,2,30 Lac,N/A,752,Unfurnished
"2 BHK Apartment for Sale in Space town, Raghunathpur, Baguiati Kolkata",Kolkata,2,38 Lac,N/A,850,Unfurnished
5 BHK House for Sale in Sector 1 Salt Lake City Kolkata,Kolkata,5,4.50 Cr,N/A,2500,Unfurnished
"2 BHK Apartment for Sale in Pearl Apartment, Jodhpur Park Kolkata",Kolkata,2,93 Lac,N/A,748,Semi-Furnished
2 BHK Apartment for Sale in Baghajatin Colony Kolkata,Kolkata,2,45 Lac,N/A,1000,Unfurnished
2 BHK Apartment for Sale in Ambagan Kolkata,Kolkata,2,25 Lac,N/A,650,Unfurnished
3 BHK House for Sale in Airport 2 Number Gate Kolkata,Kolkata,3,70 Lac,N/A,1000,Unfurnished
"3 BHK Villa for Sale in Lake Life, Joka Kolkata",Kolkata,3,85 Lac,N/A,1224,Unfurnished
2 BHK Apartment for Sale in Dum Dum Kolkata,Kolkata,2,34 Lac,N/A,714,Unfurnished
"2 BHK Apartment for Sale in Chandannagar, Hooghly-Chinsurah Kolkata",Kolkata,2,25 Lac,N/A,570,Semi-Furnished
"2 BHK Apartment for Sale in Vinayak Apartment, Chandannagar, Hooghly-Chinsurah Kolkata",Kolkata,2,32.2 Lac,N/A,750,Unfurnished
1 BHK Apartment for Sale in New Alipore Kolkata,Kolkata,1,23.5 Lac,N/A,380,Furnished
3 BHK Apartment for Sale in Jodhpur Park Kolkata,Kolkata,3,1.20 Cr,N/A,1100,Unfurnished
"2 BHK Apartment for Sale in Manihar CoOperative Housing Society Ltd, Santoshpur Kolkata",Kolkata,2,28 Lac,N/A,500,Semi-Furnished
"4 BHK Apartment for Sale in PS ONE10, New Town Kolkata",Kolkata,4,2.35 Cr,N/A,1250,Unfurnished
"2 BHK Apartment for Sale in Greenfield City Classic Premium, Behala Kolkata",Kolkata,2,47 Lac,N/A,640,Unfurnished
"4 BHK Apartment for Sale in PS Navyom, New Alipore Kolkata",Kolkata,4,4.20 Cr,N/A,2800,Semi-Furnished
"2 BHK Apartment for Sale in Golpark, Gariahat Road Kolkata",Kolkata,2,1.05 Cr,N/A,960,Semi-Furnished
"2 BHK Apartment for Sale in Vinayak Vista, Lake Town Kolkata",Kolkata,2,93 Lac,N/A,587,Unfurnished
"3 BHK Apartment for Sale in Vinayak Vista, Lake Town Kolkata",Kolkata,3,1.55 Cr,N/A,1590,Unfurnished
3 BHK Apartment for Sale in Ballygunge Kolkata,Kolkata,3,2.90 Cr,N/A,1700,Unfurnished
3 BHK Villa for Sale in Joka Kolkata,Kolkata,3,73.5 Lac,N/A,1400,Semi-Furnished
3 BHK Apartment for Sale in Andul Kolkata,Kolkata,3,42.4 Lac,N/A,968,Unfurnished
"3 BHK Apartment for Sale in Ambuja Utalika The Condoville, Mukundapur Kolkata",Kolkata,3,3.10 Cr,N/A,2152,Unfurnished
"4 BHK Apartment for Sale in Urbana NRI Complex, East Kolkata Township Kolkata",Kolkata,4,6.60 Cr,N/A,2266,Unfurnished
3 BHK Apartment for Sale in Kalikapur Haltu Kolkata,Kolkata,3,66 Lac,N/A,1150,Semi-Furnished
"3 BHK Apartment for Sale in Rosedale Garden, New Town Kolkata",Kolkata,3,2.40 Cr,N/A,2231,Semi-Furnished
"2 BHK Apartment for Sale in Uniworld City, Action Area 3 Kolkata",Kolkata,2,75 Lac,N/A,1100,Unfurnished
3 BHK Apartment for Sale in Anandapur Kolkata,Kolkata,3,95.9 Lac,N/A,827,Unfurnished
"2 BHK Apartment for Sale in Uniworld City, Action Area 3 Kolkata",Kolkata,2,78 Lac,N/A,700,Semi-Furnished
3 BHK Apartment for Sale in Sarsuna Kolkata,Kolkata,3,45 Lac,N/A,831,Unfurnished
"2 BHK Apartment for Sale in Merlin Vasundhara, Behala Kolkata",Kolkata,2,36 Lac,N/A,690,Semi-Furnished
2 BHK Builder Floor for Sale in New Barrakpur Kolkata,Kolkata,2,28.4 Lac,N/A,909,Semi-Furnished
"3 BHK Apartment for Sale in Southern Woods, Mahamaya Tala, Garia Kolkata",Kolkata,3,90 Lac,N/A,763,Unfurnished
3 BHK Villa for Sale in Action Area 3 Kolkata,Kolkata,3,1 Cr,N/A,1180,Semi-Furnished
"3 BHK Apartment for Sale in B.K.Enterprise Keshab Dham, Arjunpur, Kaikhali Kolkata",Kolkata,3,90 Lac,N/A,1100,Furnished
"2 BHK Apartment for Sale in Riddhi Siddhi Garden , Joka Kolkata",Kolkata,2,55 Lac,N/A,800,Semi-Furnished
"2 BHK Apartment for Sale in Aspira Aashiyana, Narayanpur North 24 Parganas Kolkata",Kolkata,2,65 Lac,N/A,990,Furnished
"3 BHK Apartment for Sale in Swastik Apartment, Haridevpur, Paschim Putiary Kolkata",Kolkata,3,45 Lac,N/A,1318,Furnished
"3 BHK Apartment for Sale in Urban Tower, Madurdaha, Hussainpur Kolkata",Kolkata,3,82 Lac,N/A,1280,Furnished
2 BHK Apartment for Sale in Dhakuria Kolkata,Kolkata,2,65 Lac,N/A,900,Semi-Furnished
5 BHK House for Sale in Prantik Thakurpukur Kolkata,Kolkata,5,90 Lac,N/A,3100,Furnished
3 BHK Apartment for Sale in Harinavi Kolkata,Kolkata,3,42 Lac,N/A,820,Semi-Furnished
8 BHK House for Sale in Garia Kolkata,Kolkata,8,2 Cr,N/A,2635,Semi-Furnished
2 BHK Apartment for Sale in Birati Kolkata,Kolkata,2,30 Lac,N/A,550,Semi-Furnished
"2 BHK Apartment for Sale in Utsav Utsharga, Santoshpur Kolkata",Kolkata,2,36 Lac,N/A,532,Unfurnished
2 BHK House for Sale in Rajpur Sonarpur Kolkata,Kolkata,2,16 Lac,N/A,720,Unfurnished
"2 BHK Apartment for Sale in Golf Gardens, Tollygunge Kolkata",Kolkata,2,35 Lac,N/A,750,Unfurnished
2 BHK Apartment for Sale in Chetla Kolkata,Kolkata,2,57 Lac,N/A,732,Furnished
4 BHK Builder Floor for Sale in Lake Gardens Kolkata,Kolkata,4,1.70 Cr,N/A,1480,Semi-Furnished
2 BHK Apartment for Sale in Madhyamgram Kolkata,Kolkata,2,32 Lac,N/A,600,Semi-Furnished
"3 BHK Apartment for Sale in Antaranga 3, Haltu Kolkata",Kolkata,3,78 Lac,N/A,960,Furnished
"2 BHK Apartment for Sale in Eden Exotica Block K, Nayabad Kolkata",Kolkata,2,44 Lac,N/A,715,Semi-Furnished
3 BHK Apartment for Sale in Gariahat Kolkata,Kolkata,3,1.40 Cr,N/A,880,Furnished
2 BHK Apartment for Sale in Bisharpara Kolkata,Kolkata,2,28 Lac,N/A,720,Unfurnished
"3 BHK Apartment for Sale in Siddha Eden Lakeville, Bonhooghly Kolkata",Kolkata,3,1.25 Cr,N/A,847,Furnished
2 BHK Apartment for Sale in Nagerbazar Kolkata,Kolkata,2,30 Lac,N/A,560,Unfurnished
3 BHK House for Sale in Panchpota Kolkata,Kolkata,3,52 Lac,N/A,963,Semi-Furnished
"2 BHK Apartment for Sale in Realtech HIJIBIJI, Rajarhat Kolkata",Kolkata,2,58 Lac,N/A,638,Unfurnished
"1 BHK Apartment for Sale in Sree Krishna Apartment, Garia Kolkata",Kolkata,1,17 Lac,N/A,500,Semi-Furnished
2 BHK Apartment for Sale in Prantika Garia Kolkata,Kolkata,2,30 Lac,N/A,550,Semi-Furnished
3 BHK Apartment for Sale in Ghosh Para Kestopur Kolkata,Kolkata,3,55 Lac,N/A,1100,Semi-Furnished
"2 BHK Apartment for Sale in Magnolia Prestige, Rajarhat Kolkata",Kolkata,2,33 Lac,N/A,680,Unfurnished
2 BHK Apartment for Sale in Ballygunge Circular Road Kolkata,Kolkata,2,1.40 Cr,N/A,950,Furnished
"4 BHK Apartment for Sale in Diamond Tower Apartment, Alipore Kolkata",Kolkata,4,2.75 Cr,N/A,2309,Furnished
3 BHK Villa for Sale in Vedic Village Kolkata,Kolkata,3,1.50 Cr,N/A,1912,Furnished
2 BHK Apartment for Sale in Unique Park Behala Kolkata,Kolkata,2,27 Lac,N/A,900,Semi-Furnished
"3 BHK Apartment for Sale in Merlin Elements, New Alipore Kolkata",Kolkata,3,2.20 Cr,N/A,1150,Unfurnished
1 BHK Apartment for Sale in Paschim Putiary Kolkata,Kolkata,1,12.5 Lac,N/A,400,Unfurnished
3 BHK Apartment for Sale in Jadavpur Kolkata,Kolkata,3,55 Lac,N/A,1083,Semi-Furnished
"3 BHK Apartment for Sale in New Shrachi Garden, Dum Dum Kolkata",Kolkata,3,79 Lac,N/A,834,Semi-Furnished
4 BHK House for Sale in Baguiati Kolkata,Kolkata,4,1.50 Cr,N/A,1800,Semi-Furnished
2 BHK Builder Floor for Sale in East Kolkata Township Kolkata,Kolkata,2,47 Lac,N/A,680,Unfurnished
"3 BHK Apartment for Sale in Shrachi Greenwood Nest, Action Area 1 Kolkata",Kolkata,3,1.40 Cr,N/A,1006,Semi-Furnished
"3 BHK Apartment for Sale in Swan Court, New Town Kolkata",Kolkata,3,1.40 Cr,N/A,1461,Semi-Furnished
3 BHK Apartment for Sale in Dakshindari Road Kolkata,Kolkata,3,70 Lac,N/A,1150,Semi-Furnished
"3 BHK Apartment for Sale in DLF New Town Heights, Rajarhat Kolkata",Kolkata,3,1.12 Cr,N/A,1521,Semi-Furnished
"3 BHK Apartment for Sale in Godrej Seven, Hanspukur Joka Kolkata",Kolkata,3,75 Lac,N/A,1017,Semi-Furnished
3 BHK Apartment for Sale in South City Complex Kolkata,Kolkata,3,2.15 Cr,N/A,1100,Unfurnished
"2 BHK Apartment for Sale in Shriram Grand One, Uttarpara Chinsurah Kolkata",Kolkata,2,40 Lac,N/A,827,Semi-Furnished
3 BHK Villa for Sale in Bairampur South 24 Parganas Kolkata,Kolkata,3,4.50 Cr,N/A,2800,Furnished
"3 BHK Apartment for Sale in Park Circus, Ballygunge Kolkata",Kolkata,3,88 Lac,N/A,1185,Semi-Furnished
"3 BHK Apartment for Sale in Merlin Maximus, Sodepur Kolkata",Kolkata,3,89 Lac,N/A,845,Unfurnished
2 BHK Apartment for Sale in Action Area 1 Kolkata,Kolkata,2,45 Lac,N/A,675,Semi-Furnished
2 BHK Apartment for Sale in Tollygunge Kolkata,Kolkata,2,50 Lac,N/A,1050,Semi-Furnished
2 BHK Apartment for Sale in Nabapally Barasat Kolkata,Kolkata,2,32 Lac,N/A,765,Semi-Furnished
"3 BHK Apartment for Sale in DTC Southern Heights, Joka Kolkata",Kolkata,3,82 Lac,N/A,1370,Unfurnished
"3 BHK Apartment for Sale in Pratik Apartments, Belghoria Kolkata",Kolkata,3,60 Lac,N/A,1443,Semi-Furnished
2 BHK Apartment for Sale in Kalikapur Road Kolkata,Kolkata,2,35 Lac,N/A,830,Furnished
"3 BHK Apartment for Sale in Sapnil Residency, Bonhooghly Kolkata",Kolkata,3,75.5 Lac,N/A,1212,Unfurnished
"2 BHK Apartment for Sale in Purbayan, Patuli Kolkata",Kolkata,2,34 Lac,N/A,750,Semi-Furnished
3 BHK Apartment for Sale in Naihati Kolkata,Kolkata,3,40 Lac,N/A,1000,Unfurnished
"3 BHK Apartment for Sale in The Ektaa Lotus, Tangra Kolkata",Kolkata,3,1.50 Cr,N/A,868,Unfurnished
"3 BHK Apartment for Sale in Orchid Residency, Howrah Kolkata",Kolkata,3,1.07 Cr,N/A,1565,Unfurnished
"2 BHK Apartment for Sale in Nathany Shrivats, Tollygunge Kolkata",Kolkata,2,57 Lac,N/A,919,Unfurnished
"3 BHK Apartment for Sale in PS The 102, Joka Kolkata",Kolkata,3,80 Lac,N/A,1128,Furnished
2 BHK Apartment for Sale in Bosepukur Road Kolkata,Kolkata,2,52 Lac,N/A,1000,Semi-Furnished
"1 BHK Apartment for Sale in Uttarpara, Uttarpara Chinsurah Kolkata",Kolkata,1,18 Lac,N/A,590,Semi-Furnished
3 BHK Apartment for Sale in Uttarpara Chinsurah Kolkata,Kolkata,3,32 Lac,N/A,820,Semi-Furnished
4 BHK House for Sale in Rahara Kolkata,Kolkata,4,2.20 Cr,N/A,12,Unfurnished
> 10 BHK House for Sale in Salt Lake City Kolkata,Kolkata,10,3.80 Cr,N/A,3600,Unfurnished
2 BHK Apartment for Sale in Barrackpore Kolkata,Kolkata,2,30 Lac,N/A,820,Semi-Furnished
"2 BHK Apartment for Sale in Prudent Prana, Garia Kolkata",Kolkata,2,27 Lac,N/A,650,Unfurnished
"4 BHK Apartment for Sale in Rajlakshmi Krishna Kunja, Rajpur Kolkata",Kolkata,4,80 Lac,N/A,1250,Unfurnished
"2 BHK Apartment for Sale in Greenwood Sonata, Action Area 2 Kolkata",Kolkata,2,67 Lac,N/A,766,Unfurnished
3 BHK Apartment for Sale in Thakurpukur Kolkata,Kolkata,3,55 Lac,N/A,1237,Semi-Furnished
"3 BHK Apartment for Sale in New Alipore Residency, New Alipore Kolkata",Kolkata,3,1.40 Cr,N/A,1620,Semi-Furnished
"2 BHK Apartment for Sale in Prajakta, Usha Park, Bansdroni Kolkata",Kolkata,2,32 Lac,N/A,605,Semi-Furnished
"2 BHK Apartment for Sale in B.K.Enterprise Keshab Dham, Baguiati Kolkata",Kolkata,2,35 Lac,N/A,825,Semi-Furnished
"2 BHK Apartment for Sale in Bangur Avenue, Lake Town Kolkata",Kolkata,2,90 Lac,N/A,1091,Semi-Furnished
6 BHK Villa for Sale in Hazra Road Kolkata,Kolkata,6,5.25 Cr,N/A,4050,Semi-Furnished
"3 BHK Apartment for Sale in Mrinalini Residency, Belgachia Kolkata",Kolkata,3,45 Lac,N/A,930,Unfurnished
3 BHK Apartment for Sale in Bikash Guha Colony Kolkata,Kolkata,3,62 Lac,N/A,1228,Unfurnished
3 BHK House for Sale in Santoshpur Kolkata,Kolkata,3,45 Lac,N/A,1190,Unfurnished
"3 BHK Apartment for Sale in Siddha Waterfront, Khardaha Kolkata",Kolkata,3,45 Lac,N/A,970,Semi-Furnished
3 BHK Apartment for Sale in Italgacha Road Kolkata,Kolkata,3,50 Lac,N/A,900,Semi-Furnished
2 BHK House for Sale in North 24 Parganas Kolkata,Kolkata,2,50 Lac,N/A,1200,Unfurnished
"2 BHK Apartment for Sale in Pushpaneer Apartment, Dum Dum Kolkata",Kolkata,2,44 Lac,N/A,660,Furnished
"3 BHK Apartment for Sale in Sonajhuri Apartment, Airport Area Kolkata",Kolkata,3,40 Lac,N/A,850,Furnished
4 BHK Apartment for Sale in Prince Anwar Shah Road Kolkata,Kolkata,4,3.50 Cr,N/A,2500,Semi-Furnished
3 BHK Apartment for Sale in New Alipore Kolkata,Kolkata,3,55 Lac,N/A,850,Unfurnished
3 BHK Apartment for Sale in Prince Anwar Shah Road Kolkata,Kolkata,3,1.25 Cr,N/A,1025,Furnished
2 BHK Apartment for Sale in Block F New Alipore Kolkata,Kolkata,2,75 Lac,N/A,1120,Semi-Furnished
"2 BHK Apartment for Sale in Siddha Pine Woods, Rajarhat Main Road Kolkata",Kolkata,2,64 Lac,N/A,788,Semi-Furnished
"2 BHK Apartment for Sale in Prantik Phase 1, Thakurpukur Kolkata",Kolkata,2,25 Lac,N/A,500,Unfurnished
2 BHK Apartment for Sale in Santibazaar Kolkata,Kolkata,2,50 Lac,N/A,819,Unfurnished
"2 BHK Apartment for Sale in Naktala, Garia Kolkata",Kolkata,2,45 Lac,N/A,601,Furnished
3 BHK Apartment for Sale in CIT Road Scheme 6M Kolkata,Kolkata,3,1.05 Cr,N/A,1050,Furnished
"3 BHK Apartment for Sale in Mayukh Apartment, Garia Kolkata",Kolkata,3,65 Lac,N/A,1200,Unfurnished
3 BHK Apartment for Sale in Lake Range Kolkata,Kolkata,3,4 Cr,N/A,2375,Furnished
"3 BHK House for Sale in Kolkata West International City, Howrah Kolkata",Kolkata,3,55 Lac,N/A,1969,Furnished
"3 BHK Apartment for Sale in Concord, Hindustan Park, Gariahat Kolkata",Kolkata,3,2.50 Cr,N/A,1717,Semi-Furnished
"5 BHK Apartment for Sale in Hiland Riverfront, Maheshtala Kolkata",Kolkata,5,1.10 Cr,N/A,3172,Unfurnished
3 BHK Builder Floor for Sale in Shyam Bazar Kolkata,Kolkata,3,84 Lac,N/A,870,Furnished
2 BHK Apartment for Sale in Abaseshe Kolkata,Kolkata,2,33 Lac,N/A,550,Semi-Furnished
"4 BHK Apartment for Sale in Bengal Peerless Avidipta Phase 2, Eastern Metropolitan Bypass Kolkata",Kolkata,4,5.40 Cr,N/A,3500,Unfurnished
"2 BHK Apartment for Sale in Devaloke Nest, Ramchandrapur Narendrapur Kolkata",Kolkata,2,37 Lac,N/A,920,Semi-Furnished
"3 BHK Apartment for Sale in Eden City Maheshtala, Maheshtala Kolkata",Kolkata,3,37 Lac,N/A,1236,Semi-Furnished
"4 BHK Apartment for Sale in Kotrung, Uttarpara Kotrung Kolkata",Kolkata,4,40 Lac,N/A,1694,Semi-Furnished
"3 BHK Apartment for Sale in Merlin Elements, New Alipore Kolkata",Kolkata,3,2.40 Cr,N/A,1750,Semi-Furnished
"3 BHK House for Sale in Chak Thakurani, Thakurpukur Kolkata",Kolkata,3,27 Lac,N/A,641,Unfurnished
"2 BHK Apartment for Sale in Gitanjali Abasan, Dum Dum Kolkata",Kolkata,2,35 Lac,N/A,850,Semi-Furnished
"3 BHK Apartment for Sale in Pratik Apartments, Belghoria Kolkata",Kolkata,3,40 Lac,N/A,745,Semi-Furnished
"Apartment for Sale in New Market Area, Taltala Kolkata",Kolkata,N/A,75 Lac,N/A,650,Unfurnished
2 BHK Apartment for Sale in Tollygunge Karunamoyee Kolkata,Kolkata,2,30 Lac,N/A,638,Semi-Furnished
3 BHK Builder Floor for Sale in THE HUE Kolkata,Kolkata,3,72 Lac,N/A,1050,Furnished
"3 BHK Apartment for Sale in Dream Park, Kamalgazi, Narendrapur Kolkata",Kolkata,3,42 Lac,N/A,1185,Unfurnished
6 BHK House for Sale in Lake Town Kolkata,Kolkata,6,1.20 Cr,N/A,900,Semi-Furnished
"2 BHK House for Sale in Prantik Phase 3, Thakurpukur Kolkata",Kolkata,2,95 Lac,N/A,109,Unfurnished
3 BHK Apartment for Sale in Sector 5 Salt Lake City Kolkata,Kolkata,3,85 Lac,N/A,950,Semi-Furnished
"3 BHK Apartment for Sale in Godrej Seven, Joka Kolkata",Kolkata,3,75 Lac,N/A,792,Unfurnished
3 BHK Apartment for Sale in Bhowanipore Kolkata,Kolkata,3,1.50 Cr,N/A,940,Semi-Furnished
2 BHK Apartment for Sale in Tollygunge Kolkata,Kolkata,2,29 Lac,N/A,689,Unfurnished
3 BHK Apartment for Sale in Tollygunge Karunamoyee Kolkata,Kolkata,3,1.55 Cr,N/A,1468,Furnished
"2 BHK Apartment for Sale in Kosmic North Grande, Belghoria Expressway Kolkata",Kolkata,2,45.5 Lac,N/A,700,Unfurnished
"2 BHK Apartment for Sale in Sonar Tori Apartment, Dum Dum Kolkata",Kolkata,2,60 Lac,N/A,1149,Furnished
"4 BHK Apartment for Sale in Greenwood Park, Action Area 1 Kolkata",Kolkata,4,1.69 Cr,N/A,1900,Semi-Furnished
"2 BHK Apartment for Sale in Maa Apartment, Postal Park Kolkata",Kolkata,2,50 Lac,N/A,1050,Semi-Furnished
6 BHK House for Sale in Konnagar Kolkata,Kolkata,6,2.90 Cr,N/A,3200,Furnished
2 BHK Apartment for Sale in Baruipur Road Kolkata,Kolkata,2,19 Lac,N/A,454,Semi-Furnished
10 BHK House for Sale in Beleghata Kolkata,Kolkata,10,2.40 Cr,N/A,1785,Furnished
"3 BHK Apartment for Sale in Belani NPR Sanctuary, Tollygunge Kolkata",Kolkata,3,3.85 Cr,N/A,2150,Unfurnished
"8 BHK House for Sale in Dover Terrace, Ballygunge Kolkata",Kolkata,8,2 Cr,N/A,2000,Unfurnished
3 BHK Apartment for Sale in Kankurgachi Kolkata,Kolkata,3,45 Lac,N/A,1300,Semi-Furnished
"3 BHK Apartment for Sale in Sureka Elita Garden Vista, New Town Kolkata",Kolkata,3,1.55 Cr,N/A,1270,Semi-Furnished
"2 BHK Apartment for Sale in Shriram Grand City, Uttarpara Chinsurah Kolkata",Kolkata,2,40 Lac,N/A,827,Unfurnished
2 BHK Apartment for Sale in Rajarhat Kolkata,Kolkata,2,32 Lac,N/A,729,Semi-Furnished
"2 BHK Apartment for Sale in Sandhu Ekam Amar Sansaar, Bosepukur, Kasba Kolkata",Kolkata,2,97 Lac,N/A,1091,Furnished
"2 BHK Apartment for Sale in Gurukripa Diamond Park Exotica, Diamond Park, Joka Kolkata",Kolkata,2,41 Lac,N/A,760,Unfurnished
3 BHK Apartment for Sale in Alipore Kolkata,Kolkata,3,1.90 Cr,N/A,1276,Semi-Furnished
"2 BHK Apartment for Sale in Surya Tower, Behala Kolkata",Kolkata,2,34 Lac,N/A,806,Semi-Furnished
"2 BHK Apartment for Sale in Panchawati Lakeshore Apartment, Santragachi Kolkata",Kolkata,2,47 Lac,N/A,935,Semi-Furnished
4 BHK Apartment for Sale in Birati Kolkata,Kolkata,4,43 Lac,N/A,1126,Unfurnished
"3 BHK Apartment for Sale in Madgul Antaraa, Hanspukur Joka Kolkata",Kolkata,3,1.05 Cr,N/A,1246,Semi-Furnished
"3 BHK Apartment for Sale in Balaji Marigold, Behala Kolkata",Kolkata,3,52 Lac,N/A,832,Unfurnished
2 BHK Apartment for Sale in Bijoygarh Kolkata,Kolkata,2,57 Lac,N/A,516,Semi-Furnished
"3 BHK Apartment for Sale in Lake View Housing Complex, Howrah Kolkata",Kolkata,3,80 Lac,N/A,1032,Furnished
"3 BHK Apartment for Sale in Godrej Seven, Joka Kolkata",Kolkata,3,80 Lac,N/A,1215,Unfurnished
"2 BHK Apartment for Sale in Naktala, Naktala, Garia Kolkata",Kolkata,2,30 Lac,N/A,500,Unfurnished
"3 BHK Apartment for Sale in Bengal Peerless Avidipta Phase 2, Eastern Metropolitan Bypass Kolkata",Kolkata,3,3.30 Cr,N/A,1700,Unfurnished
"1 BHK Apartment for Sale in RMB Abhilasha, Ghoshpara Patipukur Kolkata",Kolkata,1,27 Lac,N/A,600,Unfurnished
"3 BHK Apartment for Sale in Sureka Elita Garden Vista, New Town Kolkata",Kolkata,3,1.41 Cr,N/A,1525,Furnished
"3 BHK Apartment for Sale in Bengal Abasan Urban Sabujayan, Mukundapur Kolkata",Kolkata,3,65 Lac,N/A,1455,Furnished
4 BHK House for Sale in Agapur New Barrakpur Kolkata,Kolkata,4,1.10 Cr,N/A,1089,Semi-Furnished
"2 BHK Apartment for Sale in Ambey Gateway, Rajarhat Kolkata",Kolkata,2,1.15 Cr,N/A,1167,Unfurnished
1 BHK Apartment for Sale in Ramrajatala Station Road Kolkata,Kolkata,1,22 Lac,N/A,463,Unfurnished
3 BHK Apartment for Sale in Madhyamgram Kolkata,Kolkata,3,72 Lac,N/A,700,Unfurnished
"2 BHK Apartment for Sale in Shristi Apartment, Barrackpore Kolkata",Kolkata,2,39 Lac,N/A,810,Semi-Furnished
2 BHK Apartment for Sale in Bansdroni Kolkata,Kolkata,2,31 Lac,N/A,750,Unfurnished
"2 BHK Apartment for Sale in Amrit Tower, Salt Lake City Kolkata",Kolkata,2,22.5 Lac,N/A,800,Semi-Furnished
"3 BHK Apartment for Sale in Jain Dream Excellency, Rajarhat Kolkata",Kolkata,3,72 Lac,N/A,1315,Unfurnished
"3 BHK Apartment for Sale in Eden Elegante, Madurdaha, Hussainpur Kolkata",Kolkata,3,85 Lac,N/A,1150,Furnished
"1 BHK Apartment for Sale in Fort Residency, Behala Kolkata",Kolkata,1,33 Lac,N/A,455,Furnished
"2 BHK Apartment for Sale in Titagarh, Barrackpore Kolkata",Kolkata,2,35 Lac,N/A,614,Unfurnished
"3 BHK Apartment for Sale in PS The 102, Joka Kolkata",Kolkata,3,60 Lac,N/A,646,Unfurnished
3 BHK Apartment for Sale in New Alipore Kolkata,Kolkata,3,75 Lac,N/A,1050,Semi-Furnished
3 BHK Builder Floor for Sale in Andul Kolkata,Kolkata,3,29.3 Lac,N/A,850,Unfurnished
2 BHK Apartment for Sale in Chinsurah Station Road Kolkata,Kolkata,2,18 Lac,N/A,720,Furnished
"2 BHK Apartment for Sale in Parvati Garden, Birati Kolkata",Kolkata,2,39 Lac,N/A,936,Semi-Furnished
2 BHK Apartment for Sale in Sukant Nagar Sector 4 Salt Lake Kolkata,Kolkata,2,20 Lac,N/A,450,Unfurnished
"3 BHK Apartment for Sale in Merlin Vasundhara, Behala Kolkata",Kolkata,3,69.3 Lac,N/A,1206,Semi-Furnished
"4 BHK Apartment for Sale in Anik One Rajarhat, New Town Kolkata",Kolkata,4,5.45 Cr,N/A,2000,Semi-Furnished
"1 BHK Apartment for Sale in Pressman Apartment, Tollygunge Kolkata",Kolkata,1,40 Lac,N/A,700,Semi-Furnished
"2 BHK Apartment for Sale in Jalan NVR Pride, Diamond Harbour Road Kolkata",Kolkata,2,45.5 Lac,N/A,880,Furnished
"4 BHK Villa for Sale in Baishnabghata Patuli Township, Patuli Kolkata",Kolkata,4,3 Cr,N/A,2120,Semi-Furnished
"1 BHK Apartment for Sale in 4 Sight Model Town at Balia, model town at balia Kolkata",Kolkata,1,35 Lac,N/A,480,Semi-Furnished
8 BHK House for Sale in Pratapgarh Garfa Kolkata,Kolkata,8,1.25 Cr,N/A,2700,Semi-Furnished
"2 BHK Apartment for Sale in Eden Flora, Eastern Metropolitan Bypass Kolkata",Kolkata,2,46 Lac,N/A,903,Unfurnished
"4 BHK Apartment for Sale in Akshara Whispering Willows, Rajarhat Kolkata",Kolkata,4,1.25 Cr,N/A,1980,Unfurnished
"3 BHK Apartment for Sale in Ambuja Ecospace Residencia, New Town Kolkata",Kolkata,3,1.75 Cr,N/A,896,Unfurnished
> 10 BHK House for Sale in Bidhan Sarani Kolkata,Kolkata,10,8 Cr,N/A,6,Semi-Furnished
"4 BHK Villa for Sale in Gems City, Joka Kolkata",Kolkata,4,86 Lac,N/A,1200,Furnished
"2 BHK Apartment for Sale in Green Wood Nook, Kalikapur Haltu Kolkata",Kolkata,2,77 Lac,N/A,550,Semi-Furnished
3 BHK Apartment for Sale in meena mahal Kolkata,Kolkata,3,44 Lac,N/A,724,Unfurnished
"2 BHK Apartment for Sale in Brindavan Gardens, Tangra Kolkata",Kolkata,2,75 Lac,N/A,1090,Semi-Furnished
2 BHK Apartment for Sale in Banerjee Para Paschim Putiary Kolkata,Kolkata,2,27 Lac,N/A,720,Unfurnished
2 BHK Apartment for Sale in Chetla Kolkata,Kolkata,2,75 Lac,N/A,750,Semi-Furnished
"3 BHK Apartment for Sale in Purbalok, Mukundapur Kolkata",Kolkata,3,90 Lac,N/A,950,Furnished
2 BHK Apartment for Sale in Mukundapur Main Road Kolkata,Kolkata,2,28 Lac,N/A,907,Furnished
"4 BHK Apartment for Sale in Kendriya Vihar Phase 2, Birati Kolkata",Kolkata,4,1 Cr,N/A,1500,Semi-Furnished
"3 BHK Villa for Sale in Emami Aastha, Bishnupur Kolkata",Kolkata,3,1.30 Cr,N/A,1347,Semi-Furnished
3 BHK Apartment for Sale in Jagacha Kolkata,Kolkata,3,56 Lac,N/A,1100,Unfurnished
"1 BHK Apartment for Sale in CMDA Nagar, Barrackpore Kolkata",Kolkata,1,11 Lac,N/A,375,Unfurnished
"3 BHK Apartment for Sale in Srijan Solus, Madhyamgram Kolkata",Kolkata,3,58 Lac,N/A,1094,Unfurnished
2 BHK Apartment for Sale in Birati Kolkata,Kolkata,2,25 Lac,N/A,600,Unfurnished
"3 BHK Apartment for Sale in Ganpati Enclave, Srishti, Behala Kolkata",Kolkata,3,62 Lac,N/A,1056,Semi-Furnished
"2 BHK Apartment for Sale in Naktala, Garia Kolkata",Kolkata,2,47.5 Lac,N/A,715,Unfurnished
1 BHK Apartment for Sale in Agarpara Kolkata,Kolkata,1,7 Lac,N/A,343,Unfurnished
3 BHK Apartment for Sale in Block G Kolkata,Kolkata,3,1.51 Cr,N/A,1500,Furnished
"3 BHK Apartment for Sale in Rohra Heights, New Town Kolkata",Kolkata,3,1.40 Cr,N/A,1663,Unfurnished
"3 BHK Apartment for Sale in Ekta Heights, Jadavpur Kolkata",Kolkata,3,1.40 Cr,N/A,1491,Semi-Furnished
"2 BHK Apartment for Sale in Ithemba Arista, Chandannagar, Hooghly-Chinsurah Kolkata",Kolkata,2,30 Lac,N/A,600,Semi-Furnished
"3 BHK Apartment for Sale in Srijan Heritage Enclave Phase 1, Rajarhat Kolkata",Kolkata,3,85 Lac,N/A,1258,Unfurnished
2 BHK Apartment for Sale in Uttarpara Chinsurah Kolkata,Kolkata,2,35 Lac,N/A,960,Semi-Furnished
2 BHK House for Sale in Roychak Kolkata,Kolkata,2,80 Lac,N/A,1198,Furnished
"2 BHK Apartment for Sale in Siddha Waterfront, Khardaha Kolkata",Kolkata,2,43 Lac,N/A,672,Unfurnished
4 BHK Apartment for Sale in Baghajatin Colony Kolkata,Kolkata,4,90 Lac,N/A,1400,Unfurnished
"2 BHK Apartment for Sale in Amartya Abashan, Sector 2 Salt Lake City Kolkata",Kolkata,2,36 Lac,N/A,656,Unfurnished
3 BHK Apartment for Sale in Katju Nagar Kolkata,Kolkata,3,1.10 Cr,N/A,1150,Furnished
"3 BHK Apartment for Sale in Sankalpa 2, Rajarhat Kolkata",Kolkata,3,1.80 Cr,N/A,1436,Semi-Furnished
"2 BHK Apartment for Sale in Lake Town Block A, Lake Town Kolkata",Kolkata,2,40 Lac,N/A,530,Semi-Furnished
"3 BHK Apartment for Sale in Orbit Urban Park, New Town Kolkata",Kolkata,3,2 Cr,N/A,1550,Unfurnished
"1 BHK Apartment for Sale in Green Wood Nook, Eastern Metropolitan Bypass Kolkata",Kolkata,1,35 Lac,N/A,400,Furnished
"3 BHK Apartment for Sale in Balaji Crimson 2, Parui Mauza Kolkata",Kolkata,3,42 Lac,N/A,785,Semi-Furnished
"2 BHK Apartment for Sale in Shapoorji Paloonji Sukhobristi, New Town Kolkata",Kolkata,2,42 Lac,N/A,650,Unfurnished
"5 BHK Apartment for Sale in Unimark Trump Tower, Science City Area Kolkata",Kolkata,5,6 Cr,N/A,2234,Unfurnished
4 BHK House for Sale in Argari Kolkata,Kolkata,4,65 Lac,N/A,3,Unfurnished
"3 BHK Apartment for Sale in Bengal Abasan Urban Sabujayan, Mukundapur Kolkata",Kolkata,3,75 Lac,N/A,1256,Unfurnished
"3 BHK Apartment for Sale in Square Four Uddipa The Condoville, Sinthee Kolkata",Kolkata,3,1.40 Cr,N/A,1116,Semi-Furnished
3 BHK Apartment for Sale in Watganj Kolkata,Kolkata,3,58 Lac,N/A,1250,Unfurnished
"3 BHK Apartment for Sale in Rajwada Estate Phase II, Mahamaya Tala, Garia Kolkata",Kolkata,3,98 Lac,N/A,1200,Unfurnished
"2 BHK Apartment for Sale in Radhakrishna Apartment, Rajpur Sonarpur Kolkata",Kolkata,2,28 Lac,N/A,750,Semi-Furnished
3 BHK Apartment for Sale in Bansdroni Kolkata,Kolkata,3,62 Lac,N/A,966,Furnished
"2 BHK Apartment for Sale in Katyayani Apartment, Dum Dum Kolkata",Kolkata,2,37 Lac,N/A,600,Unfurnished
3 BHK Villa for Sale in Howrah Kolkata,Kolkata,3,60 Lac,N/A,1910,Semi-Furnished
"3 BHK Apartment for Sale in Shrachi Greenwood Elements, Rajarhat Kolkata",Kolkata,3,1.35 Cr,N/A,1830,Semi-Furnished
"2 BHK Apartment for Sale in MCKPGE Astitva, Kankurgachi Kolkata",Kolkata,2,3.50 Cr,N/A,1286,Furnished
2 BHK Apartment for Sale in Garfa Kolkata,Kolkata,2,35 Lac,N/A,850,Semi-Furnished
3 BHK Apartment for Sale in Mukundapur Kolkata,Kolkata,3,5 Cr,N/A,2691,Furnished
"3 BHK Flat for Rent in Sherwood Estate, Sherwood Estate, Narendrapur Rajpur Sonarpur, Kolkata",Kolkata,3,N/A,27000,1010,Semi-Furnished
"3 BHK Flat for Rent in Udita Apartments, Udita Apartments, Eastern Metropolitan Bypass, Kolkata",Kolkata,3,N/A,55000,1800,Semi-Furnished
"3 BHK Flat for Rent in Upohar The Condoville, Upohar The Condoville, Eastern Metropolitan Bypass, Kolkata",Kolkata,3,N/A,44000,1559,Semi-Furnished
"3 BHK Flat for Rent in South City, South City, Prince Anwar Shah Road, Kolkata",Kolkata,3,N/A,80000,1550,Furnished
"3 BHK Flat for Rent in TATA Avenida, TATA Avenida, New Town, Kolkata",Kolkata,3,N/A,75000,1715,Furnished
"3 BHK Flat for Rent in Upohar The Condoville, Upohar The Condoville, Eastern Metropolitan Bypass, Kolkata",Kolkata,3,N/A,45000,1900,Semi-Furnished
"2 BHK Flat for Rent in South City, South City, Prince Anwar Shah Road, Kolkata",Kolkata,2,N/A,50000,1140,Furnished
"2 BHK Flat for Rent in WB Avidipta, WB Avidipta, Eastern Metropolitan Bypass, Kolkata",Kolkata,2,N/A,32000,1069,Semi-Furnished
"3 BHK Flat for Rent in Deerekha Urban Heights, Deerekha Urban Heights, Kasba, Kolkata",Kolkata,3,N/A,46000,965,Unfurnished
"2 BHK Flat for Rent in Anik One Rajarhat, Anik One Rajarhat, New Town, Kolkata",Kolkata,2,N/A,51000,1244,Semi-Furnished
"3 BHK Flat for Rent in Mani Shankhmani, Mani Shankhmani, Tollygunge, Kolkata",Kolkata,3,N/A,31000,1350,Semi-Furnished
"3 BHK Flat for Rent in Ruchi Active Acres Angelica, Ruchi Active Acres Angelica, Eastern Metropolitan Bypass, Kolkata",Kolkata,3,N/A,75000,1753,Furnished
"3 BHK Flat for Rent in Srijan Ozone Kolkata, Srijan Ozone Kolkata, Eastern Metropolitan Bypass, Kolkata",Kolkata,3,N/A,50000,1000,Semi-Furnished
"3 BHK Flat for Rent in Action Area 2, Kolkata",Kolkata,3,N/A,22000,1250,Unfurnished
"4 BHK Flat for Rent in Ballygunge Park Road, Kolkata",Kolkata,4,N/A,2.3 Lac,3600,Semi-Furnished
"3 BHK Flat for Rent in Action Area 1, Kolkata",Kolkata,3,N/A,24000,1332,Semi-Furnished
"3 BHK Flat for Rent in Green Vista, Green Vista, Chinar Park, Rajarhat, Kolkata",Kolkata,3,N/A,27000,1203,Semi-Furnished
"3 BHK Flat for Rent in Greenwood Sonata, Greenwood Sonata, New Town, Kolkata",Kolkata,3,N/A,49000,1846,Furnished
"3 BHK Flat for Rent in Panache, Panache, Sector 5 Salt Lake City, Kolkata",Kolkata,3,N/A,45000,1421,Semi-Furnished
"3 BHK Flat for Rent in Fort Oasis, Fort Oasis, Ballygunge, Kolkata",Kolkata,3,N/A,70000,1900,Semi-Furnished
"2 BHK Flat for Rent in Dum Dum, Kolkata",Kolkata,2,N/A,15000,890,Unfurnished
"1 BHK Flat for Rent in Mudiali Kalighat, Kolkata",Kolkata,1,N/A,12000,480,Furnished
2 BHK Flat for Rent in Kolkata,Kolkata,2,N/A,1 Lac,1222,Furnished
"3 BHK Flat for Rent in Uniworld City, Uniworld City, Action Area 3, Kolkata",Kolkata,3,N/A,38000,1226,Unfurnished
2 BHK Flat for Rent in Kolkata,Kolkata,2,N/A,18000,1150,Unfurnished
2 BHK Flat for Rent in Kolkata,Kolkata,2,N/A,10500,850,Unfurnished
"3 BHK Flat for Rent in Srijan Greenfield City, Srijan Greenfield City, Behala Chowrasta, Kolkata",Kolkata,3,N/A,14500,750,Unfurnished
"4 BHK Flat for Rent in New Town, Kolkata",Kolkata,4,N/A,40000,1235,Semi-Furnished
"2 BHK Flat for Rent in Chinar Tower, Chinar Tower, Chinar Park, Rajarhat, Kolkata",Kolkata,2,N/A,13500,720,Unfurnished
"2 BHK Flat for Rent in Genexx Valley, Genexx Valley, Diamond Park, Joka, Kolkata",Kolkata,2,N/A,15000,750,Unfurnished
"2 BHK Flat for Rent in PS ONE10, PS ONE10, New Town, Kolkata",Kolkata,2,N/A,36000,685,Semi-Furnished
1 BHK Flat for Rent in Kolkata,Kolkata,1,N/A,6000,500,Unfurnished
"2 BHK Flat for Rent in Airport 2 Number Gate, Kolkata",Kolkata,2,N/A,10000,800,Unfurnished
"2 BHK Flat for Rent in Alcove New Kolkata Sangam, Alcove New Kolkata Sangam, Serampore, Kolkata",Kolkata,2,N/A,22000,730,Furnished
"4 BHK Flat for Rent in PS ONE10, PS ONE10, New Town, Kolkata",Kolkata,4,N/A,65000,2250,Semi-Furnished
"3 BHK Flat for Rent in Madurdaha, Hussainpur, Kolkata",Kolkata,3,N/A,30000,1380,Furnished
"3 BHK Flat for Rent in TATA Avenida, TATA Avenida, Kolkata",Kolkata,3,N/A,85000,1924,Furnished
"3 BHK Flat for Rent in Urbana, Urbana, Ruby Hospital Area, Kolkata",Kolkata,3,N/A,80000,1367,Semi-Furnished
"2 BHK Flat for Rent in Survey Park, Kolkata",Kolkata,2,N/A,15000,640,Unfurnished
"2 BHK Flat for Rent in Sealdah, Raja Bazar, Kolkata",Kolkata,2,N/A,15000,590,Unfurnished
2 BHK House for Rent in Bansdroni Kolkata,Kolkata,2,N/A,15000,700,Unfurnished
"4 BHK Flat for Rent in Anik One Rajarhat, Anik One Rajarhat, Action Area 1, Kolkata",Kolkata,4,N/A,1.2 Lac,2291,Unfurnished
"2 BHK Flat for Rent in Kamini Abashan, Kamini Abashan, Haridevpur, Paschim Putiary, Kolkata",Kolkata,2,N/A,10500,690,Unfurnished
1 BHK House for Rent in Ultadanga Kolkata,Kolkata,1,N/A,11000,500,Unfurnished
"3 BHK Flat for Rent in Mangalam Park, Mangalam Park, Behala, Kolkata",Kolkata,3,N/A,30000,1050,Semi-Furnished
"3 BHK Flat for Rent in Eastern Park, Eastern Park, Baghajatin Colony, Kolkata",Kolkata,3,N/A,16000,828,Unfurnished
2 BHK House for Rent in Thakurpukur Kolkata,Kolkata,2,N/A,8500,553,Unfurnished
"3 BHK Flat for Rent in Loharuka Urban Greens Phase 2, Loharuka Urban Greens Phase 2, Chinar Park, Rajarhat, Kolkata",Kolkata,3,N/A,30000,840,Semi-Furnished
3 BHK House for Rent in Bramhapur Kolkata,Kolkata,3,N/A,18000,1150,Semi-Furnished
"4 BHK Flat for Rent in Anik One Rajarhat, Anik One Rajarhat, Action Area 1, Kolkata",Kolkata,4,N/A,1.5 Lac,3029,Furnished
"1 BHK Flat for Rent in Lake Town Block A, Lake Town Block A, Lake Town, Kolkata",Kolkata,1,N/A,10000,700,Semi-Furnished
"3 BHK Flat for Rent in South City, South City, Prince Anwar Shah Road, Kolkata",Kolkata,3,N/A,67000,1250,Furnished
"3 BHK Flat for Rent in Action Area 3, Kolkata",Kolkata,3,N/A,55000,2231,Unfurnished
"3 BHK Flat for Rent in Urbana NRI Complex, Urbana NRI Complex, Eastern Metropolitan Bypass, Kolkata",Kolkata,3,N/A,1.5 Lac,2393,Furnished
"4 BHK Flat for Rent in Urbana, Urbana, Anandapur, Kolkata",Kolkata,4,N/A,3.5 Lac,5318,Furnished
"4 BHK Flat for Rent in PS ONE10, PS ONE10, Action Area 1, Kolkata",Kolkata,4,N/A,58000,1249,Semi-Furnished
"2 BHK Flat for Rent in Rajwada Nirvana, Rajwada Nirvana, Kamalgazi, Narendrapur, Kolkata",Kolkata,2,N/A,22000,1030,Furnished
"1 BHK Flat for Rent in Dum Dum, Kolkata",Kolkata,1,N/A,9000,504,Semi-Furnished
"2 BHK Flat for Rent in Behala, Kolkata",Kolkata,2,N/A,20000,1000,Semi-Furnished
"2 BHK Flat for Rent in Kalitala Ward Number 113, Kolkata",Kolkata,2,N/A,22000,900,Semi-Furnished
3 BHK House for Rent in Santoshpur Kolkata,Kolkata,3,N/A,13000,1000,Unfurnished
"2 BHK Flat for Rent in Standalone Property, Standalone Property, Santoshpur, Kolkata",Kolkata,2,N/A,10000,480,Unfurnished
"2 BHK Flat for Rent in Action Area 1, Kolkata",Kolkata,2,N/A,19500,880,Unfurnished
"3 BHK Flat for Rent in Lake Gardens, Kolkata",Kolkata,3,N/A,55000,1900,Furnished
"3 BHK Flat for Rent in Madgul Antaraa, Madgul Antaraa, Joka, Kolkata",Kolkata,3,N/A,25000,860,Semi-Furnished
"2 BHK Flat for Rent in Utsa The Condovile, Utsa The Condovile, Rajarhat, Kolkata",Kolkata,2,N/A,25000,750,Furnished
"1 BHK Flat for Rent in Upohar The Condoville, Upohar The Condoville, Eastern Metropolitan Bypass, Kolkata",Kolkata,1,N/A,17000,582,Semi-Furnished
"2 BHK Flat for Rent in South Dumdum, Kolkata",Kolkata,2,N/A,10000,680,Semi-Furnished
"2 BHK Flat for Rent in Tanya Apartment, Tanya Apartment, Garia Place, Garia, Kolkata",Kolkata,2,N/A,17000,800,Unfurnished
2 BHK Villa for Rent in Thakurpukur Kolkata,Kolkata,2,N/A,7000,900,Semi-Furnished
"2 BHK Flat for Rent in Eden Meghbalika, Eden Meghbalika, Baruipur, Kolkata",Kolkata,2,N/A,12000,600,Semi-Furnished
"3 BHK Flat for Rent in Dr Suresh Sarkar Road, Kolkata",Kolkata,3,N/A,40000,1000,Furnished
2 BHK House for Rent in Kankurgachi Kolkata,Kolkata,2,N/A,14000,700,Semi-Furnished
2 BHK Flat for Rent in Kolkata,Kolkata,2,N/A,7500,620,Semi-Furnished
"1 BHK Flat for Rent in Santoshpur Maheshtala, Kolkata",Kolkata,1,N/A,3500,250,Furnished
"3 BHK Flat for Rent in Sharnam, Sharnam, Kaikhali, Kolkata",Kolkata,3,N/A,15000,883,Semi-Furnished
"2 BHK Flat for Rent in Action Area 2C, Kolkata",Kolkata,2,N/A,20000,811,Furnished
"3 BHK Flat for Rent in Sinthee, Kolkata",Kolkata,3,N/A,21000,980,Semi-Furnished
"3 BHK Flat for Rent in Rishi Pranaya, Rishi Pranaya, Rajarhat, Kolkata",Kolkata,3,N/A,26000,767,Semi-Furnished
"2 BHK Flat for Rent in Alipore, Kolkata",Kolkata,2,N/A,30000,740,Semi-Furnished
"3 BHK Flat for Rent in Happy Hives, Happy Hives, Madurdaha, Hussainpur, Kolkata",Kolkata,3,N/A,23000,1375,Semi-Furnished
"2 BHK Flat for Rent in Santoshree Pally, Thakurpukur, Kolkata",Kolkata,2,N/A,10000,700,Unfurnished
"2 BHK Flat for Rent in Ghosh Para Kestopur, Kolkata",Kolkata,2,N/A,12000,1000,Furnished
"2 BHK Flat for Rent in Godrej Seven, Godrej Seven, Joka, Kolkata",Kolkata,2,N/A,18000,891,Semi-Furnished
"1 BHK House for Rent in Bansdroni Mauza, Krishnanagar Kolkata",Kolkata,1,N/A,5000,450,Unfurnished
"3 BHK Flat for Rent in Merlin Sapphire, Merlin Sapphire, Behala, Kolkata",Kolkata,3,N/A,30000,1189,Unfurnished
"2 BHK Flat for Rent in Purbachal Haltu, Kolkata",Kolkata,2,N/A,13000,585,Unfurnished
"3 BHK Flat for Rent in Rajwada Royal Gardens, Rajwada Royal Gardens, Narendrapur Rajpur Sonarpur, Kolkata",Kolkata,3,N/A,29000,1040,Semi-Furnished
"3 BHK Flat for Rent in Simoco Sanhita Housing Complex Commercial , Simoco Sanhita Housing Complex Commercial, Bhangar, Kolkata",Kolkata,3,N/A,10000,705,Semi-Furnished
"2 BHK Flat for Rent in Anandapur, Kolkata",Kolkata,2,N/A,20000,750,Semi-Furnished
"3 BHK Flat for Rent in Rail Vihar, Rail Vihar, New Town, Kolkata",Kolkata,3,N/A,27000,1120,Semi-Furnished
"3 BHK Flat for Rent in Unimark Lakewood Estate, Unimark Lakewood Estate, Patuli, Kolkata",Kolkata,3,N/A,30000,900,Semi-Furnished
"3 BHK Flat for Rent in Haltu, Kolkata",Kolkata,3,N/A,38000,1000,Semi-Furnished
"3 BHK Flat for Rent in Vedic Village, Vedic Village, Rajarhat, Kolkata",Kolkata,3,N/A,25000,1180,Furnished
"3 BHK Flat for Rent in DEESHARI COMFORT, DEESHARI COMFORT, Garia, Kolkata",Kolkata,3,N/A,26000,1380,Unfurnished
"3 BHK Flat for Rent in Shrachi Greenwood Elements, Shrachi Greenwood Elements, New Town, Kolkata",Kolkata,3,N/A,33000,1850,Semi-Furnished
"2 BHK Flat for Rent in Mayfair Residency, Mayfair Residency, Madurdaha, Hussainpur, Kolkata",Kolkata,2,N/A,19500,1048,Semi-Furnished
"2 BHK Flat for Rent in Roopkatha, Roopkatha, Kasba, Kolkata",Kolkata,2,N/A,30000,1000,Semi-Furnished
"2 BHK Flat for Rent in Samta Apartment , Samta Apartment, Baranagar, Kolkata",Kolkata,2,N/A,25000,740,Furnished
"3 BHK Flat for Rent in Drishti Regency, Drishti Regency, Nayabad, Kolkata",Kolkata,3,N/A,14000,924,Unfurnished
"2 BHK Flat for Rent in Maple Wood, Maple Wood, Rajarhat Main Road, Kolkata",Kolkata,2,N/A,15000,730,Unfurnished
"3 BHK Flat for Rent in Goa Bagan, Kolkata",Kolkata,3,N/A,25000,1000,Furnished
"4 BHK House for Rent in Tagore Park, Kasba Kolkata",Kolkata,4,N/A,42000,1450,Semi-Furnished
"4 BHK Flat for Rent in Soura Niloy Housing Complex, Soura Niloy Housing Complex, Behala, Kolkata",Kolkata,4,N/A,22000,1500,Semi-Furnished
"2 BHK Flat for Rent in AWHO Teghoria, AWHO Teghoria, Vip Road, Kolkata",Kolkata,2,N/A,20000,1105,Unfurnished
"2 BHK Flat for Rent in Action Area 2, Kolkata",Kolkata,2,N/A,28000,650,Furnished
"2 BHK Flat for Rent in Realtech Titli, Realtech Titli, Noapara Sukanta Pally, Kolkata",Kolkata,2,N/A,18500,740,Semi-Furnished
"2 BHK Flat for Rent in Naktala, Garia, Kolkata",Kolkata,2,N/A,23000,1000,Unfurnished
"3 BHK Flat for Rent in Associated Erectors Green Residenza 3, Associated Erectors Green Residenza 3, Rajarhat, Kolkata",Kolkata,3,N/A,20000,800,Semi-Furnished
"2 BHK Flat for Rent in Bonorini, Bonorini, Dunlop, Dakshineswar, Belgharia Expressway, Kolkata",Kolkata,2,N/A,17000,750,Furnished
"3 BHK Flat for Rent in Greenfield City, Greenfield City, Shibrampur, Shibrampur Mauza, Kolkata",Kolkata,3,N/A,19000,1000,Semi-Furnished
